NegativePage,
http://www.chailease.org.tw/ugC_NewsHis.asp,
http://www.magnifiedhealing-chinese.com/the-third-phase---light-healing-workshop,
http://www.magnifiedhealing-chinese.com/magnified-healing-celebration-workshop,
http://kclc.ncku.edu.tw/,
"https://culture.hccg.gov.tw/ch/home.jsp?id=517&parentpath=0,6,515",
https://tmofa.tycg.gov.tw/ch/online-art/lecture,
http://cpi.acad.ncku.edu.tw/cpi/index.php,
https://kingcar.org.tw/project/500822,
https://kingcar.org.tw/project/501194,
"https://painting.chcsec.gov.tw/content/index.aspx?Parser=1,110,503,490",
https://www.leeandli.com/TW/000000025.htm,
https://www.ntcri.gov.tw/informationimgs_167.html,
"https://community.society.taichung.gov.tw/activity/index.aspx?Parser=99,6,35",
https://ievents.iii.org.tw/EventS.aspx?t=0&id=1246,
https://www.leeandli.com/TW/000000030.htm,
http://rapid.lib.ncu.edu.tw:8080/course/info.php,
"https://youth.tycg.gov.tw/home.jsp?id=10506&parentpath=0,10415,10504",
https://www.ukeas.com.tw/ukstudy-undergraduate-and-fp.php,
https://www.pcsr.com.tw/ptsr/sropsp-event-E20210413003,
https://web.ddm.org.tw/main/news.aspx?chapid=85&mnuid=1533&modid=424,
https://w2.math.ncu.edu.tw/course/open,
https://w2.math.ncu.edu.tw/course/open/,
https://www.chtf.org.tw/video/88?template=mfp,
https://hiking.biji.co/index.php?q=event&act=overseas&category=%E5%81%A5%E8%A1%8C%E7%AD%86%E8%A8%98%E6%B5%B7%E5%A4%96%E5%9C%98,
https://org.vghks.gov.tw/med/Content_List.aspx?n=DCD2BE18CFAF30D0,
https://org.vghks.gov.tw/sur/Content_List.aspx?n=78B156B4C41465E8,
https://www.nmth.gov.tw/archive?uid=287,
https://www.nmth.gov.tw/archive?uid=213,
http://www.rectp.org/2010/07/blog-post_12.html,
https://library.hcml.gov.tw/lp.asp?ctNode=871&CtUnit=195&BaseDSD=7&mp=1,
https://www.sow.org.tw/news,
https://www.nmth.gov.tw/permanentall?uid=126,
https://library.hcml.gov.tw/np.asp?ctNode=871&mp=1,
http://careernthu.conf.asia/page.aspx?pid=8&lang=cht,
http://careernthu.conf.asia/presentation/index.aspx?sid=&lang=cht&pid=216,
http://soulangh.tnc.gov.tw/site/exhibi_permanent,
http://soulangh.tnc.gov.tw/site/about,
http://www.taiwanwalks.com/blog_main.php,
http://umkt.jutfoundation.org.tw/mot-cafe,
http://www.chailease.org.tw/ugC_News2.asp,
http://www.ldatc.org.tw/product,
http://www.ldatc.org.tw/share/article,
http://www.ldatc.org.tw/titbits,
https://www.228.org.tw/228museum_event-old.php,
https://www.fishbar.com.tw/activity/show/5,
https://www.fishbar.com.tw/activity/show/3,
https://www.fishbar.com.tw/activity/show/1,
https://www.fishbar.com.tw/intro1/s/intro104,
https://www.fishbar.com.tw/intro1/s/intro104,
http://www.khm.org.tw/tw/visitinformation/trafficinfo,
https://act.cjcu.edu.tw/ActiveSite/Statistics.aspx,
https://act.cjcu.edu.tw/ActiveSite/search.aspx,
https://www.leeandli.com/TW/000000002.htm,
https://www.tpqc.com.tw/%e6%9c%80%e6%96%b0%e6%b6%88%e6%81%af/,
"https://community.society.taichung.gov.tw/search/ListG.aspx?Parser=99,11,46&q=%E7%A4%BE%E5%8D%80",
"https://community.society.taichung.gov.tw/popul/index.aspx?Parser=99,5,62,31",
https://shop.hiking.biji.co/,
"https://community.society.taichung.gov.tw/gallery/index.aspx?Parser=16,3,25",
https://hiking.biji.co/index.php?q=event&act=supply,
https://hiking.biji.co/index.php?q=discuss,
https://www.facebook.com/v2.11/dialog/oauth?client_id=230626213615077&state=c1d7540c73ccb453ab697c9253fb3d2c&response_type=code&sdk=php-sdk-5.6.2&redirect_uri=https%3A%2F%2Fmember.biji.co%2Flogin%2Fcallback&scope=email%2Cpublic_profile,
https://www.facebook.com/allactivity?privacy_source=activity_log_top_menu,
https://www.cing-gingstar.com.tw/travel_1.htm,
https://www.businessweekly.com.tw/event/,
https://www.facebook.com/business/small-business/events,
https://www.facebook.com/business/a/boost-events,
https://www.ysnp.gov.tw/RecreationArea/e7d3a77b-854f-4fc0-aeb0-24278b0a9678,
https://www.ysnp.gov.tw/RecreationArea/84ddbf29-783a-4a9d-a40d-38da8a0b88d1,
https://www.ysnp.gov.tw/SceneryMap/Index?lat=23.3629163&lon=121.1828837&zoom=12,
https://taichung.oggi.tw/%E5%8F%B0%E4%B8%AD%E8%A5%BF%E7%8F%AD%E7%89%99%E6%96%87%E8%AA%B2%E7%A8%8B/,
https://taichung.oggi.tw/%E5%8F%B0%E4%B8%AD%E6%B3%95%E6%96%87%E8%AA%B2%E7%A8%8B/,
https://taichung.oggi.tw/%E5%8F%B0%E4%B8%AD%E5%BE%B7%E6%96%87%E8%AA%B2%E7%A8%8B/,
https://www.chenti-chinese.com/category/%e6%9c%80%e6%96%b0%e6%b6%88%e6%81%af/,
https://miasan.com/exploration/,
https://www.udngroup.com/portfolio/events,
https://culture-tourism.hualien.gov.tw/arena.php?action=init,
https://deer.nchu.edu.tw/courses/,
https://www.zhonghe.ntpc.gov.tw/home.jsp?id=d1350b7a0bdca3ae,
https://www.weijung.com/article/category/27,
https://ncu.edu.tw/rd/tw/index/index.php?root=14&kind=55,
https://ncu.edu.tw/rd/tw/page/index.php?num=112&root=14,
https://readingpass.openbook.org.tw/node/3399,
https://eeis.epa.gov.tw/front/msg/list.aspx,
https://tpml.gov.taipei/Content_List.aspx?n=977CB461C1F4F2E8,
https://kml.kcg.gov.tw/lens/subject,
https://law.moeasmea.gov.tw/ailt/modules/forum/,
https://law.moeasmea.gov.tw/ailt/modules/downloads/,
http://www.sunmoonlake.gov.tw/zh-tw/filmcategory,
https://www.sunmoonlake.gov.tw/zh-tw/filmcategory,
https://www.sunmoonlake.gov.tw/zh-tw/panoramic,
https://parklanes.com.tw/projects/%e4%bd%a0now-go%e4%ba%86%e6%b2%92/,
https://kingcar.org.tw/publication,
https://kingcar.org.tw/achievement/video,
https://kingcar.org.tw/report,
https://www.228.org.tw/228museum_visit.php?sn=2,
https://erf.org.tw/news/,
https://erf.org.tw/news/press/,
https://erf.org.tw/about/mission/report/,
https://erf.org.tw/about/mission/,
https://www.bigcamera.com.tw/onsale.php,
https://www.bigcamera.com.tw/news.php?catId=1,
https://www.artistvillage.org/workshop.php,
https://luko.talk.tw/actkindlist.aspx,
https://luko.talk.tw/ActView.aspx?ActID=618,
https://luko.talk.tw/ActView.aspx?ActID=617,
https://luko.talk.tw/ActView.aspx?ActID=616,
https://luko.talk.tw/ActView.aspx?ActID=607,
https://www.ankecare.com/category/%e5%b0%88%e6%ac%84,
https://www.ankecare.com/category/ankecareexpo/ankecareexpo-pressrelease,
https://www.ccat.tw/term/news/8,
https://www.chtf.org.tw/news/press,
https://www.booklife.com.tw/sale/,
https://www.booklife.com.tw/about-news/,
https://www.comicworld.com.tw/Business/2,
https://www.comicworld.com.tw/Contribute/1,
https://www.booklife.com.tw/baike/,
https://www.booklife.com.tw/about-news/,
https://www.comicworld.com.tw/Contribute/2,
https://www.comicworld.com.tw/Provision/1,
https://www.huashan1914.com/w/huashan1914/exhibition_19052709561856513,
https://www.hfec.org.tw/traffic-information,
https://www.klccab.gov.tw/ArtsActivitie,
https://twitter.com/share?link=https://www.klccab.gov.tw/ArtsActivitie,
https://twitter.com/share?link=https://www.klccab.gov.tw/NewsAndAnnouncement?type=6,
https://www.klccab.gov.tw/AboutBureaus?type=3,
https://twitter.com/share?link=https://www.klccab.gov.tw/AboutBureaus?type=3,
https://www.klccab.gov.tw/AboutBureaus?type=2,
https://twitter.com/share?link=https://www.klccab.gov.tw/AboutBureaus?type=2,
https://www.library.ntpc.gov.tw/ad/fastlink/25410a6f022344d6a5473f2c15e20d15,
https://www.library.ntpc.gov.tw/MainPortal/ad/fastlink/25410a6f022344d6a5473f2c15e20d15,
https://www.library.ntpc.gov.tw/htmlcnt/doquerysinglehtmlcnt/a397eed2d59142968f8f488ce4491a5f,
https://www.library.ntpc.gov.tw/htmlcnt/doquerysinglehtmlcnt/be937c4bcb74427ca3d3c8fd5b4704b9,
http://epaper.ncu.edu.tw/,
https://www.ncu.edu.tw/admissions/news,
https://epaper.ncu.edu.tw/,
https://www.ncu.edu.tw/administration/public_information,
https://www.ncu.edu.tw/visitors/traffic,
http://www.pe.ncu.edu.tw/ncupe/web/main/venue.php,
http://www.pe.ncu.edu.tw/ncupe/web/main/activity.php,
https://www.animal.taichung.gov.tw/1521459/Normalnodelist,
https://www.animal.taichung.gov.tw/1521448/1521563/1521567/1534352/post,
https://www.animal.taichung.gov.tw/1521464/Lpsimplelist,
https://www.ntl.edu.tw/np.asp?ctNode=1653&mp=1,
https://www.ntso.gov.tw/archive?uid=1340,
https://www.ntso.gov.tw/downloadfilelist?uid=222,
https://www.nmh.gov.tw/content_153.html,
https://www.nmh.gov.tw/informationlists_128.html,
https://www.nmh.gov.tw/informationlist_165.html,
https://www.ncl.edu.tw/submenu_234.html,
https://www.ncl.edu.tw/submenu_188.html,
https://www.ncl.edu.tw/content_232.html,
https://www.tavah.net/24180242302796321205.html,
https://www.tavah.net/seminar/archives/01-2019,
https://www.tavah.net/activities.html,
https://www.tavah.net/activities/category/all,
https://www.wildviewtaiwan.org.tw/news,
https://www.sce.pccu.edu.tw/location.aspx?id=1,
https://www.xinmedia.com/sport,
http://www.study-ielts.com/IELTS-seminar.php,
https://www.ukeas.com.tw/ukeasnews-report-list.php,
https://www.ttcsec.gov.tw/informationlist?uid=987,
https://www.ttcsec.gov.tw/informationlist?uid=1251,
https://www.ttcsec.gov.tw/informationlist?uid=977,
https://www.ttcsec.gov.tw/activityhistorylist?uid=580,
https://weibo.com/taipeitravelnet,
http://umkt.jutfoundation.org.tw/news/57,
https://www.fishbar.com.tw/activity/show/4,
"https://community.society.taichung.gov.tw/industry/index.aspx?Parser=99,5,30",
https://kml.kcg.gov.tw/volunteer/act,
https://www.artcenter.ntpc.gov.tw/submenu?usein=2&psid=0G270719518813156510,
https://www.ccat.tw/about/financial-statements,
https://www.library.ntpc.gov.tw/MainPortal/htmlcnt/doquerysinglehtmlcnt/be937c4bcb74427ca3d3c8fd5b4704b9,
https://www.animal.taichung.gov.tw/1521448/1521512/1521537/1521539,
https://www.animal.taichung.gov.tw/1521448/1521449/1521456/1527602/post,
http://umkt.jutfoundation.org.tw/,
https://tps.forest.gov.tw/TPSWeb/wSite/lp?ctNode=299&mp=1&idPath=215_221_299,
https://tps.forest.gov.tw/TPSWeb/wSite/np?ctNode=299&mp=1,
https://hiking.biji.co/index.php?q=news,
https://tmofa.tycg.gov.tw/ch/news/jobs,
https://erf.org.tw/cases/industrial/,
https://kingcar.org.tw/project/500094,
https://kingcar.org.tw/album,
https://www.artistvillage.org/annualmeeting.php,
https://www.artcenter.ntpc.gov.tw/xmdoc/cont?xsmsid=0J241544172450066442,
https://www.artcenter.ntpc.gov.tw/xmdoc/cont?xsmsid=0G269628703171214197,
https://www.artcenter.ntpc.gov.tw/xmdoc/cont?xsmsid=0G269628784359062141,
https://www.chtf.org.tw/project/79,
https://www.klccab.gov.tw/ArtsGroup,
https://www.klccab.gov.tw/CulturalFestival/Lists/00c28df9-89f4-4af4-89ac-164c402d783a?firstpage=1,
https://www.facebook.com/ddmorg,
https://www.facebook.com/ddmorg/community/?ref=page_internal,
https://www.facebook.com/ad_campaign/landing.php?placement=pflo&campaign_id=402047449186&nav_source=unknown&extra_1=auto,
https://itaiwan.gov.tw/hotspotQuery.php,
https://www.animal.taichung.gov.tw/1521448/1521481/1521482/1521483/Lpsimplelist,
https://www.animal.taichung.gov.tw/1521448/1521481/1521482/1521483/1533617/post,
https://www.ntl.edu.tw/ct.asp?xItem=58536&CtNode=1711&mp=1,
https://www.ntso.gov.tw/informations?uid=245,
https://www.ntso.gov.tw/informations?uid=245&pid=105793,
https://www.ntso.gov.tw/informations?uid=245&pid=1969,
https://www.nmth.gov.tw/reportlist?uid=265,
https://www.nmth.gov.tw/archive?uid=269,
https://www.nmth.gov.tw/archive?uid=273,
https://youth.tycg.gov.tw/home.jsp?id=10411&parentpath=0,
https://www.travel.taipei/zh-tw/news/e2018.06.12?page=1,https://www.travel.taipei/zh-tw/news/2016.12.01-2016.12.25?page=1
https://www.travel.taipei/zh-tw/news/e2018.06.12?page=0,https://www.travel.taipei/zh-tw/activity/2016.12.01-2016.12.25?page=1
https://www.travel.taipei/zh-tw/news/e2018.06.12?page=0,https://www.travel.taipei/zh-tw/activity/2016.12.01-2016.12.25
https://www.travel.taipei/zh-tw/news/e2018.06.12?page=1,
https://www.travel.taipei/zh-tw/attraction/details/1538,
https://www.travel.taipei/zh-tw/activity/e2018.06.12,
https://www.travel.taipei/zh-tw/attraction/all-regions?page=1&sortby=location&location=7,
https://www.travel.taipei/zh-tw/attraction,
https://www.facebook.com/login/?next=%2Ffundraisers%2F%3Fsource_data%255Bcomponent_type%255D%3Dcreate_button_left_column%26source_data%255Bfrom_logged_out%255D%3D1%26create&ref=104&rs=34,
https://www.travel.taipei/zh-tw/shop/themes,
https://shop.chimeimuseum.org/,
https://www.pcsr.com.tw/ptsr/sropsprecord,
https://www.pu.edu.tw/p/17-1000.php?Lang=zh-tw,
https://www.blogger.com/share-post.g?blogID=5406954162698808688&postID=2412105682510286416&target=facebook,
https://www.superace-sport.com/superace/article/15?registration,
https://www.tys.org.tw/fycm/article_cate_list.asp?article_cate_id=2&article_sub_cate=%E7%A4%BE%E6%9C%83%E6%96%87%E5%8C%96,
https://www.wildscreen.org/festival/,
https://blog.xinmedia.com/photoskill,
https://vvg.com.tw/village,
https://tydep-eew.com.tw/case.php,
https://shop.chimeimuseum.org/,
https://www.ccat.tw/support-way,
https://www.huashan1914.com/w/huashan1914/service,
https://www.orchina.net/events?dt=2021-04-20,
https://www.orchina.net/shop,
https://www.blogger.com/share-post.g?blogID=5406954162698808688&postID=5373534851384479589&target=facebook,
https://www.superace-sport.com/superace/article/14?registration,
https://www.tibe.org.tw/tw/show/37/80,
https://www.tys.org.tw/fycm/article_cate_list.asp?article_cate_id=3,
https://www.tys.org.tw/fycm/article_cate_list.asp?article_cate_id=3,
https://www.wildscreen.org/festival/virtual-festival-programme/,
https://www.facebook.com/v2.11/dialog/oauth?client_id=230626213615077&state=50b5166fe90b2c10df3c6173ee90d0ff&response_type=code&sdk=php-sdk-5.6.2&redirect_uri=https%3A%2F%2Fmember.biji.co%2Flogin%2Fcallback&scope=email%2Cpublic_profile,
https://tour.xplova.com/tw/route,
https://kingcar.org.tw/project/500777,
https://tmofa.tycg.gov.tw/ch/services/executive-info,
https://www.leeandli.com/TW/Specialty/201.htm,
http://www.pe.ncu.edu.tw/ncupe/web/main/photo.php,
https://www.chcsec.gov.tw/searchall?q=%E7%94%9F%E6%B4%BB,
https://www.chcsec.gov.tw/informationlist?uid=162,
https://www.sunmoonlake.gov.tw/zh-tw/explore/travel-guide,
https://www.sunmoonlake.gov.tw/zh-tw/online-apply-water-recreation-declaration,
https://lifelab.skl.com.tw/hotnews_info?SN=3632,
https://toybank.ntpc.gov.tw/toybank/index.php,
http://www.magnifiedhealing-chinese.com/event-posting-form,
http://www.taiwanwalks.com/blog_con.php?id=10,
http://www.taiwanwalks.com/blog_con.php?id=15,
https://event.rhythmsmonthly.com/speaker,
https://event.rhythmsmonthly.com/tc-events/%e8%83%bd%e9%86%92%e8%83%bd%e8%b5%b0-%e6%9e%97%e6%ac%a3%e6%a6%ae%e6%95%99%e6%8e%88%e7%9a%84%e8%85%a6%e9%86%ab%e5%ad%b8%e6%95%91%e5%91%bd%e7%ad%86%e8%a8%98/,
javascript: void(window.open('http://www.plurk.com/?qualifier=shares&status=' .concat(encodeURIComponent(location.href)) .concat(' ') .concat('(') .concat(encodeURIComponent(document.title)) .concat(')')));,
https://lkkpomia.tgb.org.tw/posts/134/,
https://parklanes.com.tw/business_types/dining,
https://www.chimeimuseum.org/%E9%96%80%E7%A5%A8/36EBBEBA-0384-4F65-B59E-A9128B26D7E6,
https://www.indievox.com/login/facebook,
http://www.rectp.org/2012/11/blog-post_10.html,
http://www.magnifiedhealing-chinese.com/student-feedback,
javascript: void(window.open('http://www.plurk.com/?qualifier=shares&status=' .concat(encodeURIComponent(location.href)) .concat(' ') .concat('(') .concat(encodeURIComponent(document.title)) .concat(')')));,
javascript: void(window.open('http://www.plurk.com/?qualifier=shares&status=' .concat(encodeURIComponent(location.href)) .concat(' ') .concat('(') .concat(encodeURIComponent(document.title)) .concat(')')));,
https://www.youtube.com/channel/UC686_gHFFqyPCJsRuxqsWZQ,
https://law.moeasmea.gov.tw/ailt/modules/forum/askForm/,
https://parklanes.com.tw/brands/%e8%b7%b3%e6%bd%ae-jumpwave/,
https://luko.talk.tw/ArticleClass.aspx?ClassID=46,
https://tour.xplova.com/tw/support,
https://www.orchina.net/cart,
https://www.pcsr.com.tw/ptsr/srexperience,
https://www.riverside.com.tw/venue,
https://www.rectp.org/2012/11/blog-post.html,
https://blog.xinmedia.com/design,
https://luko.talk.tw/ActView.aspx?ActID=608,
http://www.magnifiedhealing-chinese.com/magnified-healing-workshop,
http://www.taiwanwalks.com/order_customized.php,
http://www.poly.tw/login.php,
https://parklanes.com.tw/sixth-market/vendors,
https://blog.xinmedia.com/photospot,
http://www.taiwanwalks.com/history_main.php,
http://www.poly.tw/cata.php?id=4,
https://actio.ncl.edu.tw/queryregistration,
https://event.culture.tw/NMP/portal/Registration/ActkindAction,
https://event.rhythmsmonthly.com/tc-events/%e6%98%ad%e5%90%9f%e6%b8%ac%e8%a9%a6/,
http://www.rockmarketing.com.tw/,
https://law.moeasmea.gov.tw/ailt/modules/law/,
https://store.xplova.com/tw/,
https://www.riverside.com.tw/events/fusion-favorite-of-sherry-lin,
https://soulangh.tnc.gov.tw/site/booking,
https://soulangh.tnc.gov.tw/site/artists/rj_PpBdvKZ-V46kaQZZ9_Q..,
http://careernthu.conf.asia/MbService/mb_order.aspx?lang=cht,
http://umkt.jutfoundation.org.tw/about/umkt-team,
http://umkt.jutfoundation.org.tw/about/umkt-team,
http://www.taiwanwalks.com/blog_con.php?id=14,
http://www.taiwanwalks.com/blog_con.php?id=13,
http://www.taiwanwalks.com/blog_con.php?id=11,
http://www.taiwanwalks.com/blog_con.php?id=8,
http://www.taiwanwalks.com/blog_con.php?id=6,
http://www.taiwanwalks.com/blog_con.php?id=4,
http://www.taiwanwalks.com/blog_con.php?id=5,
"https://community.society.taichung.gov.tw/search/ListG.aspx?Parser=99,11,46&q=%E7%A4%BE%E5%8D%80%E7%94%A2%E6%A5%AD",
https://event.rhythmsmonthly.com/tc-events/%e5%b3%b6%e5%b6%bc%e5%96%84%e6%bd%ae-%e5%8f%b0%e7%81%a3%e7%9a%84%e6%85%88%e6%82%b2%e6%b6%93%e6%b5%81%e5%a6%82%e4%bd%95%e5%8c%af%e7%82%ba%e5%85%a8%e7%90%83%e6%bf%9f%e4%b8%96%e6%b5%aa%e6%bd%ae-2/,
https://event.rhythmsmonthly.com/tc-events/%e8%82%b2%e5%85%92%e6%94%be%e9%a3%9b%e8%a8%98-2/,
https://event.rhythmsmonthly.com/tc-events/%e5%b3%b6%e5%b6%bc%e5%96%84%e6%bd%ae-%e5%8f%b0%e7%81%a3%e7%9a%84%e6%85%88%e6%82%b2%e6%b6%93%e6%b5%81%e5%a6%82%e4%bd%95%e5%8c%af%e7%82%ba%e5%85%a8%e7%90%83%e6%bf%9f%e4%b8%96%e6%b5%aa%e6%bd%ae/,
https://event.rhythmsmonthly.com/tc-events/%e4%ba%ba%e7%94%9f%e8%b7%af%e5%bc%95%ef%bc%8d%e6%88%91%e5%be%9e%e9%96%b1%e8%ae%80%e4%b8%ad%e7%b7%b4%e5%b0%b1%e7%9a%8428%e5%80%8b%e5%9f%ba%e6%9c%ac%e5%8a%9f%e5%8f%b0%e4%b8%ad%e9%9d%9c%e6%80%9d/,
https://event.rhythmsmonthly.com/tc-events/3236/,
https://event.rhythmsmonthly.com/tc-events/2020%e5%8f%b0%e5%8c%97%e5%9c%8b%e9%9a%9b%e6%9b%b8%e5%b1%95%e8%ac%9b%e5%ba%a7-%e3%80%8a%e6%b5%b7%e6%b4%8b%e5%8f%b0%e7%81%a3%e3%80%8b%e6%96%b0%e6%9b%b8%e7%99%bc%e8%a1%a8%e6%9c%83/,
https://www.facebook.com/v2.11/dialog/oauth?client_id=230626213615077&state=41c40198c91c0982d68dcc2cfabb23e1&response_type=code&sdk=php-sdk-5.6.2&redirect_uri=https%3A%2F%2Fmember.biji.co%2Flogin%2Fcallback&scope=email%2Cpublic_profile,
https://hiking.biji.co/index.php?q=news&label=2,
https://tydep-eew.com.tw/award2.php,
https://kingcar.org.tw/project/501087,
https://tps.forest.gov.tw/TPSWeb/wSite/ct?xItem=5362&ctNode=252&mp=1,
https://luko.talk.tw/Article.aspx?Article_ID=344,
https://luko.talk.tw/ActView.aspx?ActID=620,
https://www.comicworld.com.tw/Download,
https://www.library.ntpc.gov.tw/newsletter/toNewsletterManagement,
https://klccabbuskers.azurewebsites.net/Events,
https://www.klccab.gov.tw/ArtsActivitie/Details/73754d9b-5f20-4f08-9084-da10d90bc8b2?itemId=3bd70ac3-3871-4498-b9ec-18cf811eebdf&firstpage=1&secondPage=1,
https://klccabbuskers.azurewebsites.net/Venues,
https://www.facebook.com/directory/groups/,
https://www.ddm.org.tw/xmnews/cont?xsmsid=0K297430914032222778&sid=0L085362532134749747,
https://osaea.pu.edu.tw/p/412-1064-1827.php?Lang=zh-tw,
https://osaea.pu.edu.tw/p/412-1064-1847.php?Lang=zh-tw,
https://osaea.pu.edu.tw/p/412-1064-1846.php?Lang=zh-tw,
https://osaea.pu.edu.tw/p/412-1064-1850.php?Lang=zh-tw,
https://www.nmh.gov.tw/content_195.html,
https://www.blogger.com/share-post.g?blogID=5406954162698808688&postID=2560368684525837718&target=pinterest,
https://www.blogger.com/share-post.g?blogID=5406954162698808688&postID=3625171183193973258&target=pinterest,
https://www.blogger.com/share-post.g?blogID=5406954162698808688&postID=8249275112918147341&target=pinterest,
https://www.blogger.com/share-post.g?blogID=5406954162698808688&postID=5244760184088745930&target=pinterest,
https://www.blogger.com/share-post.g?blogID=5406954162698808688&postID=1041951695094167220&target=pinterest,
https://www.blogger.com/share-post.g?blogID=5406954162698808688&postID=2626158215917325110&target=pinterest,
https://www.blogger.com/share-post.g?blogID=5406954162698808688&postID=4156718638497807957&target=pinterest,
https://www.blogger.com/share-post.g?blogID=5406954162698808688&postID=7702165542486536956&target=pinterest,
https://www.blogger.com/share-post.g?blogID=5406954162698808688&postID=1070601198411082260&target=pinterest,
https://www.ntso.gov.tw/archive?uid=177,
https://www.sow.org.tw/blog,
https://wwwacc.ntl.edu.tw/mp.asp?mp=8,
https://www.tpqc.com.tw/%e6%b4%bb%e5%8b%95%e5%a0%b4%e5%9c%b0%e7%a8%ae%e9%a1%9e%e5%bd%99%e6%95%b4%ef%bd%9c%e9%81%b8%e5%b0%8d%e7%a9%ba%e9%96%93%e7%a7%9f%e5%80%9f%e4%b8%8d%e7%85%a9%e6%83%b1%ef%bc%81/,
https://www.devisetop.com.tw/news.php,
http://www.devisetop.com.tw/,
https://www.devisetop.com.tw/case.php,
https://www.alps-outdoors.com.tw/pages/camping-tour-service,
https://www.nmtl.gov.tw/informationlist_119.html,
https://www.nmtl.gov.tw/content_183.html,
https://www.ncl.edu.tw/informationlist_441.html,
https://www.ncl.edu.tw/downloadfilelist_242.html,
https://www.ntcri.gov.tw/submenu_188.html,
https://www.ntcri.gov.tw/content_142.html,
https://www.ntcri.gov.tw/submenu_158.html,
https://www.ntcri.gov.tw/submenu_159.html,
https://www.ntcri.gov.tw/quarterlysearch_208.html,
https://makerpro.cc/category/article-types/event-report/,
https://www.facebook.com/groups/makerpro.cc/,
https://www.facebook.com/v2.11/dialog/oauth?client_id=230626213615077&state=7f6ada3991a2931f1859fd8d1c63b046&response_type=code&sdk=php-sdk-5.6.2&redirect_uri=https%3A%2F%2Fmember.biji.co%2Flogin%2Fcallback&scope=email%2Cpublic_profile,
https://makerpro.cc/category/hot-topics/innovation-and-startup/crowd-funding/,
https://makerpro.cc/2021/01/circular-economy-products-in-taiwan/,
https://makerpro.cc/category/hot-topics/%e7%92%b0%e4%bf%9d%e7%94%9f%e6%85%8b/,
https://makerpro.cc/category/article-types/product-news/,
https://makerpro.cc/category/article-types/special-report/,
https://makerpro.cc/category/hot-topics/iot/,
https://www.bopiliao.taipei/Information/Traffic,
https://www.bopiliao.taipei/Event_News/Detail/221,
https://www.alps-outdoors.com.tw/blogs/demo-equipments,
https://www.tibe.org.tw/tw/download/22,
https://www.ntcri.gov.tw/informationlist_187.html,
https://www.ntcri.gov.tw/content_151.html,
https://www.ntcri.gov.tw/content_289.html,
https://www.ntcri.gov.tw/informationlist_230.html,
https://www.ntcri.gov.tw/content_178.html,
https://www.nmth.gov.tw/traffic?uid=123,
https://www.nmth.gov.tw/publicationlist?uid=175,
https://www.nmth.gov.tw/publicationlist?uid=171,
"https://www.tycg.gov.tw/ch/home.jsp?id=10473&parentpath=0,10406",
https://www.tycg.gov.tw/ch/home.jsp?id=10401&parentpath=0,
"https://www.tycg.gov.tw/ch/home.jsp?id=10412&parentpath=0,10401",
https://www.facebook.com/v2.11/dialog/oauth?client_id=230626213615077&state=3a558cd2e764a4a62068cbedc5c1c52f&response_type=code&sdk=php-sdk-5.6.2&redirect_uri=https%3A%2F%2Fmember.biji.co%2Flogin%2Fcallback&scope=email%2Cpublic_profile,
https://www.animal.taichung.gov.tw/1521476/Lpsimplelist,
https://www.animal.taichung.gov.tw/1532144/post,
https://wwwacc.ntl.edu.tw/sp.asp?xdurl=superxd/click.asp&mp=8,
https://www.travel.taipei/zh-tw/event-calendar/details/25325,
https://www.travel.taipei/zh-tw/app,
http://careernthu.conf.asia/MbService/welcome.aspx?lang=cht,
http://www.poly.tw/theme.php?id=1,
https://rockmarketing.com.tw/%e7%b6%b2%e7%ab%99%e7%b3%bb%e7%b5%b1/,
https://makerpro.cc/category/mainboard/microbit/,
https://makerpro.cc/makerpro_team/,
https://law.moeasmea.gov.tw/ailt/modules/forum/?cId=0,
https://toybank.ntpc.gov.tw/toybank/car.php?type=2,
https://www.bigcamera.com.tw/location.php,
https://www.ankecare.com/category/%e7%94%a2%e6%a5%ad%e5%8b%95%e6%85%8b/%e7%85%a7%e9%a1%a7%e7%8f%be%e5%a0%b4,
https://www.facebook.com/chimeimuseum,
https://www.indievox.com/about/membership,
https://www.huashan1914.com/w/huashan1914/Login,
https://www.huashan1914.com/w/huashan1914/Member,
http://www.lib.ncu.edu.tw/,
http://rapid.lib.ncu.edu.tw:8080/course/,
https://www.nmth.gov.tw/archive?uid=216,
https://www.nmth.gov.tw/archive?uid=221,
https://www.taih.ntnu.edu.tw/index.php/en/admissions/,
https://www.taih.ntnu.edu.tw/index.php/en/main/index.php/en/admissions/,
https://www.tibe.org.tw/tw/show/80,
https://www.tibe.org.tw/tw/show_detail/37/80/445,
https://www.tys.org.tw/fycm/comment_list.asp,
https://www.tys.org.tw/fycm/comment_list.asp,
https://www.sunmoonlake.gov.tw/zh-tw/guide/information-center,
https://www.xinmedia.com/archi,
"https://youth.tycg.gov.tw/home.jsp?id=10504&parentpath=0,10415",
https://www.facebook.com/v2.11/dialog/oauth?client_id=230626213615077&state=84fc3b993721ef047d19d8716bb46292&response_type=code&sdk=php-sdk-5.6.2&redirect_uri=https%3A%2F%2Fmember.biji.co%2Flogin%2Fcallback&scope=email%2Cpublic_profile,
https://tps.forest.gov.tw/TPSWeb/wSite/lp?ctNode=234&mp=1&idPath=215_217_234,
https://twitter.com/share?link=https://www.klccab.gov.tw/ArtsActivitie/Lists/73754d9b-5f20-4f08-9084-da10d90bc8b2?firstpage=1,
https://www.ntl.edu.tw/onlinesignConfference.asp?topicId=7,
http://umkt.jutfoundation.org.tw/about/activate,
http://umkt.jutfoundation.org.tw/about/visit,
http://umkt.jutfoundation.org.tw/space,
https://soulangh.tnc.gov.tw/site/artists/joi4y19kSTY6MAZQkmDlJQ../paYHhOo3wBmY_g6bLY5H2g..,
https://soulangh.tnc.gov.tw/site/about_view/riUXZXs2EcyfUOuUmD-vHw..,
https://soulangh.tnc.gov.tw/site/art_museum_view/2VZkzbTheVr9syvs3C637Q..,
https://soulangh.tnc.gov.tw/site/artists/joi4y19kSTY6MAZQkmDlJQ..,
http://www.chailease.org.tw/ugC_Sitemap.asp,
http://www.chailease.org.tw/ugC_Club01.asp,
http://www.chailease.org.tw/ugC_Link.asp,
http://www.chailease.org.tw/ugC_Link.asp?hidLinkTypeID=1,
http://www.magnifiedhealing-chinese.com/announcements,
http://www.magnifiedhealing-chinese.com/student-feedback/xu-hua-huo/huahuixiegeinancylaoshideyifengxin,
http://www.magnifiedhealing-chinese.com/,
http://sites.google.com/site,
https://accounts.google.com/AccountChooser?continue=https%3A%2F%2Fsites.google.com%2Fsite&followup=https%3A%2F%2Fsites.google.com%2Fsite&service=jotspot,
https://accounts.google.com/AccountChooser?continue=https%3A%2F%2Fsites.google.com%2Fsite&followup=https%3A%2F%2Fsites.google.com%2Fsite&service=jotspot&rip=1,
http://careernthu.conf.asia/loginA.aspx?sid=&lang=cht&pid=154,
http://careernthu.conf.asia/loginA.aspx?lang=cht,
http://careernthu.conf.asia/job_hr.aspx?lang=cht,
http://careernthu.conf.asia/MbService/loginx.aspx?lang=cht,
http://careernthu.conf.asia/index.aspx?lang=cht,
http://www.poly.tw/cata.php?id=3,
http://www.taiwanwalks.com/login.php?prev=1,
http://www.taiwanwalks.com/login.php?prev=7&previd=10,
http://www.taiwanwalks.com/login.php?prev=7&previd=15,
http://www.taiwanwalks.com/login.php?prev=6,
https://www.fishbar.com.tw/store/,
https://www.fishbar.com.tw/intro1/s/intro102,
https://actio.ncl.edu.tw/activitydetails?uid=2&pid=242,
https://actio.ncl.edu.tw/activitydetails?uid=2&pid=292,
https://actio.ncl.edu.tw/activitydetails?uid=2&pid=276,
https://actio.ncl.edu.tw/activitydetails?uid=2&pid=291,
http://www.khm.org.tw/tw/visitinformation/food,
http://www.khm.org.tw/tw/sitemaps,
http://www.khm.org.tw/tw/research/crh/introduction,
http://www.khm.org.tw/tw/collections/overview,
http://www.khm.org.tw/tw/visitinformation/guideservice,
http://www.ldatc.org.tw/share/video,
http://www.ldatc.org.tw/share/publication,
http://www.ldatc.org.tw/join/member,
http://issuu.com/moreseeweb/docs/______________________________.pptx,
https://act.cjcu.edu.tw/ActiveSite/Register.aspx,
https://event.culture.tw/NMP/portal/Location/I5201MAction,
https://event.culture.tw/NMP/portal/Tour/J5401MAction?changePage=0&TourType=004,
http://www.nmp.gov.tw/online-service/personal.php,
https://rockmarketing.com.tw/%e5%85%a7%e5%ae%b9%e8%a1%8c%e9%8a%b7/,
https://bikexc.com/%e5%ae%a2%e8%a3%bd%e5%8c%96%e8%a1%8c%e7%a8%8b/,
https://rockmarketing.com.tw/cart/,
https://rockmarketing.com.tw/my-account,
https://bikexc.com/,
https://bikexc.com/%e6%88%91%e8%a6%81%e5%a0%b1%e5%90%8d/,
https://ievents.iii.org.tw/eventS.aspx?t=0&id=1203,
https://ievents.iii.org.tw/eventS.aspx?t=0&id=1209,
https://ievents.iii.org.tw/eventS.aspx?t=0&id=1213,
https://ievents.iii.org.tw/eventS.aspx?t=0&id=1204,
https://ievents.iii.org.tw/eventS.aspx?t=0&id=1214,
https://ievents.iii.org.tw/eventS.aspx?t=0&id=1177,
https://ievents.iii.org.tw/eventS.aspx?t=0&id=1210,
"https://community.society.taichung.gov.tw/sitemap/index.aspx?Parser=99,11,44",
"https://community.society.taichung.gov.tw/video/index.aspx?Parser=17,9,40",
"https://community.society.taichung.gov.tw/content/index.aspx?Parser=1,4,58,27",
https://hiking.biji.co/index.php?q=minisite&act=list&category=theme,
https://hiking.biji.co/index.php?q=minisite&id=209,
https://erf.org.tw/issues/,
https://erf.org.tw/about/team/,
https://erf.org.tw/about/the-act-of-endowment/,
https://kml.kcg.gov.tw/sitemap,
https://kml.kcg.gov.tw/visit/transport,
https://kml.kcg.gov.tw/collection/donate,
https://www.youtube.com/watch?v=9LevinAj5gE,
https://www.youtube.com/watch?v=fEsG4MMeqfQ,
https://www.youtube.com/watch?v=k6aBVHSnFps,
https://www.youtube.com/watch?v=VEP1QtV_tUY,
https://www.youtube.com/watch?v=NpRpa9pdDQ0,
https://www.youtube.com/watch?v=ztM_zuCVtbY,
https://lkkpomia.tgb.org.tw/posts/144/,
https://lkkpomia.tgb.org.tw/posts/11/,
https://lkkpomia.tgb.org.tw/posts/1/,
https://lkkpomia.tgb.org.tw/posts/1/gallery,
https://lkkpomia.tgb.org.tw/posts/1/winners,
https://lkkpomia.tgb.org.tw/posts/1/videos/35,
https://imc.ichiayi.com/modules/tadnews/page.php?nsn=558,
https://imc.ichiayi.com/modules/tadnews/page.php?nsn=563,
https://imc.ichiayi.com/modules/tadnews/index.php?nsn=923,
http://www.imc.org.tw/,
https://law.moeasmea.gov.tw/ailt/modules/login/,
https://law.moeasmea.gov.tw/ailt/modules/article/consumer.php,
https://law.moeasmea.gov.tw/ailt/upload/downloads/1125113950z54VJ.pdf,
https://consumer.moeasmea.gov.tw/masterpage-cpc,
https://mbscnn.org/NewsList.aspx?CLASS=335,
https://store.xplova.com/,
https://tour.xplova.com/tw/wheretobuy/tw,
https://store.xplova.com/tw/customer-center,
https://store.xplova.com/tw/buy-at-partners,
https://store.xplova.com/tw/customer/account/login/,
https://tour.xplova.com/tw/member/signIn?return=%2Ftw%2Fwheretobuy%2Ftw,
https://tour.xplova.com/tw/member/signIn?return=%2Ftw%2Fmember%2FsignIn,
https://tmofa.tycg.gov.tw/ch/sitemap,
https://toybank.ntpc.gov.tw/toybank/album.php,
https://toybank.ntpc.gov.tw/toybank/traffic.php,
https://kingcar.org.tw/achievement/info,
https://kingcar.org.tw/welfare/46,
https://kingcar.org.tw/achievement/share,
https://luko.talk.tw/Search.aspx?Keyword=%e6%98%8e%e6%95%85%e4%ba%8b,
https://luko.talk.tw/ActView.aspx?ActID=629,
https://parklanes.com.tw/business_types/sport,
https://parklanes.com.tw/business_types/dink-food,
https://sixth-market.cashier.ecpay.com.tw/,
https://parklanes.com.tw/service,
https://parklanes.com.tw/projects/%e5%86%8d%e5%b8%82%e4%b8%80%e5%a4%8f%ef%bc%81/,
https://vvg.com.tw/news?cate=6,
https://vvg.com.tw/uploads/fxDy24jybGhVajaABkgZOKUWf5Cmfz.pdf,
https://tydep-eew.com.tw/case.php?,
https://www.pcsr.com.tw/ptsr/ptsr/sropsp-event,
https://www.pcsr.com.tw/topics/map/guide.html,
https://www.pcsr.com.tw/cysr/cysr/sropsp-event,
https://www.pcsr.com.tw/cysr/sropsp/%E9%83%B5%E5%84%B2%E6%A5%AD%E5%8B%99,
https://hstopu.pu.edu.tw/,
https://www.testnews.com.tw/shibao/index.php?route=exhi/view&exhi_id=4,
https://www.riverside.com.tw/events/the-next-move-party,
https://www.ntl.edu.tw/np.asp?ctNode=1668&CtUnit=105&BaseDSD=7&mp=1,
https://www.taih.ntnu.edu.tw/index.php/courses/,
https://www.taih.ntnu.edu.tw/index.php/about-1-7/,
http://140.122.64.119/taih/index.php/category/2/,
https://www.sow.org.tw/what-we-do/112,
https://www.sow.org.tw/contact/experience,
https://www.tavah.net/activities/archives/10-2019,
https://www.tavah.net/activities/archives/09-2019,
https://www.tavah.net/activities/category/20581242473561124231,
https://www.tys.org.tw/fycm/comment_list.asp?page_no=2,
https://www.tys.org.tw/fycm/comment_list.asp?page_no=3,
https://www.tys.org.tw/fycm/comment_list.asp?page_no=4,
https://www.tys.org.tw/fycm/comment_list.asp?page_no=2,
https://www.tys.org.tw/fycm/comment_list.asp?page_no=3,
https://www.tys.org.tw/fycm/comment_list.asp?page_no=4,
https://wwwacc.ntl.edu.tw/lp.asp?ctNode=530&CtUnit=270&BaseDSD=48&mp=8,
https://luko.talk.tw/Search.aspx?Keyword=%e5%bd%a9%e7%b9%aa%e7%a4%be%e5%8d%80,
http://umkt.jutfoundation.org.tw/about/activate?language=zh-hant,
http://umkt.jutfoundation.org.tw/mot-cafe?language=zh-hant,
http://umkt.jutfoundation.org.tw/about/umkt-team?language=zh-hant,
http://umkt.jutfoundation.org.tw/news/57?language=zh-hant,
http://www.khm.org.tw/tw/about/organizational,
https://ievents.iii.org.tw/eventS.aspx?t=0&id=1208,
https://ievents.iii.org.tw/eventS.aspx?t=0&id=1218,
"https://community.society.taichung.gov.tw/faq/index.aspx?Parser=30,8,37",
http://projectplus.cc/,
https://www.youtube.com/channel/UCNnKfU5fAFsAhxAb1f0Jj4w,
http://oir.pu.edu.tw/activity/,
https://www.tam.gov.taipei/cp.aspx?n=2C1B6C7ECB7DB290,
https://www.tam.gov.taipei/News.aspx?n=FDDB39DE55129338&sms=E409E76408C56495,
https://www.tam.gov.taipei/Content_List.aspx?n=88F13C76B415FF9D,
https://tpml.gov.taipei/News.aspx?n=33AEE663F774F3DD&sms=EDA6A807D846965F,
https://www.comicworld.com.tw/Business/2,
https://www.nicechoice-shop.com/pages/%E6%96%B0%E7%9A%84%E5%88%86%E9%A0%81-4,
https://www.satdharma.com/alc/about/,
https://sa100.chihlee.edu.tw/p/406-1003-28394,r11.php?Lang=zh-tw,
https://tps.forest.gov.tw/TPSWeb/wSite/lp?ctNode=299&mp=1&idPath=215_221_299,
https://tps.forest.gov.tw/TPSWeb/wSite/np?ctNode=299&mp=1,
https://www.cadex.com.tw/forum/,
http://www.cadex.com.tw/%E7%A0%94%E8%A8%8E%E6%9C%83/,
https://www.booklife.com.tw/sale/,
https://medium.com/tupclimbing,
http://sports.promos.com.tw/act.php?lanenvv=tw,
https://life1111.pixnet.net/blog,
https://www.damanwoo.com/ccmap/space/type/publicArt,
http://www.farm.com.tw/group.php,
https://tmofa.tycg.gov.tw/,
https://tmofa.tycg.gov.tw/ch/news/jobs,
https://www.gomaji.com/blog/,
http://www.acp-randonneurs-taiwan.org.tw/modules/tadnews/page.php?ncsn=7,
https://www.cwb.gov.tw/V8/C/L/Ballpark/Ballpark.html,
https://www.huf.org.tw/essay/category/57,
http://www.huf.org.tw/event/content/3895,
http://119store.com.tw/portal_b1.php?owner_num=b1_489455&button_num=b1,
https://nckuorchestra.wordpress.com/%e6%bc%94%e5%87%ba%e7%b6%93%e6%ad%b7-2/,
https://www.animal.taichung.gov.tw/1521448/1521512/1521537/1521539,
https://www.animal.taichung.gov.tw/1521448/1521459/1521461/2483345/post,
https://www.animal.taichung.gov.tw/1521459/Normalnodelist,
https://www.motstyle.com.tw/traffic,
https://www.facebook.com/solunamusic/photos_stream,
https://www.facebook.com/fundraisers/,
https://www.facebook.com/solunamusic/community/?ref=page_internal,
https://www.facebook.com/allactivity?privacy_source=activity_log_top_menu,
http://www.dajunart.com/index.php?catid=87,
http://www.dajunart.com/index.php?catid=29,
https://weibo.com/tw?category=%E5%A8%9B%E6%A8%82,
https://hiking.biji.co/index.php?q=event&act=supply,
'https://shop.hiking.biji.co/,
https://www.library.taichung.gov.tw/public/content/index-1.asp?Parser=1,20,206,45,
https://www.library.taichung.gov.tw/public/search/index.asp?Parser=99,20,47,576,,,,,,,,,%E9%96%8B%E9%A4%A8%E6%99%82%E9%96%93,
https://www.library.taichung.gov.tw/public/content/index-1.asp?Parser=1,20,550,466,
https://www.alltrails.com/signup?ref=mobile-header,
https://hotline.org.tw/services/95,
https://www.skegeo.com/faq/post-a-activity,
https://www.skegeo.com/faq/sign-up-for-activity,
https://fuwu.weibo.com/?bottomnav=1&wvr=6,
https://navyblue77.pixnet.net/blog,
https://natureway312.blogspot.com/search/label/%E6%B4%BB%E5%8B%95%E5%85%A7%E5%AE%B9,
https://natureway312.blogspot.com/search/label/3.%E6%B4%BB%E5%8B%95%E7%B4%80%E9%8C%84-%E9%A1%9E%E5%9E%8B-%E5%AE%A2%E8%A3%BD%E6%B4%BB%E5%8B%95,
https://www.dwsresort.com.tw/park/map/%e5%9c%92%e5%8d%80%e6%b4%bb%e5%8b%95/,
https://www.dwsresort.com.tw/dining/waltzing-butterfly-coffee-shop/,
https://www.nicedoctor.com.tw/pall.php?companyid=18,
https://www.travel.taipei/zh-tw/attraction/details/1538,
https://www.pts.org.tw/program.html,
https://www.artcenter.ntpc.gov.tw/submenu?usein=2&psid=0G270719518813156510,
https://www.artcenter.ntpc.gov.tw/xmdoc/cont?xsmsid=0J241544172450066442,
https://www.artcenter.ntpc.gov.tw/xmdoc/cont?xsmsid=0G269628703171214197,
https://www.carpenter.com.tw/onsale/1P85D/13086,
https://www.carpenter.com.tw/onsale/1P88M/7555,
http://www.story.pu.edu.tw/activitieschannel,
https://kingcar.org.tw/report,
https://kingcar.org.tw/achievement/video,
https://kingcar.org.tw/project/500094,
https://106tainanch3.wordpress.com/%e6%b4%bb%e5%8b%95%e4%b8%bb%e6%97%a8/,
https://artlight.nhclac.gov.tw/content_30.html,
https://money.udn.com/forum/,
https://www.pixnet.net/blog/bloggers/category/4,
https://www.pixnet.net/blog/articles/category/44,
https://www.pixnet.net/blog/articles/group/1,
https://www.pixnet.net/blog,
https://www.facebook.com/TWOES.FANS/photos_stream?tab=photos_albums,
https://www.facebook.com/TWOES.FANS/community/?ref=page_internal,
https://npost.tw/archives/category/activities/%e6%b4%bb%e5%8b%95%e7%8f%be%e5%a0%b4,
ttps://www.artistvillage.org/workshop.php,
https://www.palau-royal-resort.com/meetingsandevents/default-en.html,
https://official.junyiacademy.org/blog,
https://www.sow.org.tw/what-we-do/120,
https://artemperor.tw/art/videos/1736,
https://artemperor.tw/art/videos/1735,
https://artemperor.tw/art/videos/1745,
https://www.cleanlife.org/?route=course/course&path=4,
https://www.cleanlife.org/?route=article/activity,
https://www.cleanlife.org/?route=article/activity&path=2,
https://superpartyjj.pixnet.net/blog,
https://catbutter.pixnet.net/blog,
http://mbmic.com/share.php?cata=9,
https://community.society.taichung.gov.tw/search/ListG.aspx?Parser=99,11,46&q=%E7%A4%BE%E5%8D%80,
https://chiachiao.pixnet.net/blog,
https://www.klccab.gov.tw/ArtsActivitie,
https://www.klccab.gov.tw/Home/Search?q=%E5%B1%95%E6%BC%94,
https://www.klccab.gov.tw/ArtsGroup,
https://sa100.chihlee.edu.tw/p/406-1003-28394,r11.php?Lang=zh-tw,
https://www.cadex.com.tw/%e7%a0%94%e8%a8%8e%e6%9c%83/,
https://www.library.taichung.gov.tw/public/content/index-1.asp?Parser=1,20,206,45,
https://www.library.taichung.gov.tw/public/search/index.asp?Parser=99,20,47,576,,,,,,,,,%E9%96%8B%E9%A4%A8%E6%99%82%E9%96%93,
https://www.library.taichung.gov.tw/public/content/index-1.asp?Parser=1,20,550,466,
https://sa100.chihlee.edu.tw/p/406-1003-28394,r11.php?Lang=zh-tw,
https://www.tavah.net/seminar/category/27963212053200037636,
https://www.snowpeak.com.tw/page/2021_SPW_1,
https://streetvoice.com/opportunities/912/,
https://streetvoice.com/venue/activities/create/,
https://www.weijung.com/product/category/938,
https://www.bilibili.com/v/ent,
https://member.bilibili.com/platform/upload/audio/frame,
https://www.bilibili.com/v/dance/three_d/,
https://www.bilibili.com/audio/home?musicType=music,
https://www.bilibili.com/v/music/other/,
http://mellowclub1316.blogspot.tw/search/label/%E9%9F%B3%E6%A8%82%E6%9C%83,
http://mellowclub1316.blogspot.tw/search/label/%E9%9F%B3%E6%A8%82%E6%9C%83,
http://mellowclub1316.blogspot.com/search/label/%E9%9F%B3%E6%A8%82%E6%9C%83,
https://ent.ltn.com.tw/,
http://haohaus.com/news/index/482,
http://www.family977.com.tw/index.php?route=information/sns,
https://taifen1972.pixnet.net/blog,
https://www.bookrep.com.tw/?md=gwindex&cl=notice&at=bulletin,
https://littlefatlegs.pixnet.net/blog,
https://www.pixnet.net/tags/%E5%85%AC%E7%9B%8A%E6%B4%BB%E5%8B%95,
https://wonder4life.pixnet.net/blog/category/2164496,
https://wonder4life.pixnet.net/blog,
https://news.readmoo.com/category/in-depth/live/,
https://news.readmoo.com/category/publishing-industry/,
https://news.readmoo.com/submit-publishers/,
https://culture.tainan.gov.tw/form/index?Parser=28,6,110,45,
https://culture.tainan.gov.tw/content_type/index?Parser=15,6,109,47,
https://culture.tainan.gov.tw/form/index?Parser=2,6,102,46,
https://culture.tainan.gov.tw/latestevent/index?Parser=9,3,35,
https://www.pushin-ranch.com/action.aspx,
https://www.pushin-ranch.com/guide.aspx,
https://www.waker.org.tw/OnePage.aspx?tid=108,
http://twbike.org/activity/,
http://twbike.org/activity/?ptype=0,
http://twbike.org/activity/index.php,
http://twbike.org/event/,
https://twtimes.tw/site/detail.php?wk=cn3c&id=-0-1,
https://www.earthday.org.tw/column/104,
https://www.nmth.gov.tw/searchall?q=%E6%B4%BB%E5%8B%95,
https://www.nmth.gov.tw/searchall?q=%E5%B1%95%E8%A6%BD,
http://www.poja.com.tw/news/hot/,
https://www.mlc.gov.tw/search/List.aspx?Parser=99,12,78,,,,,,,,,,%e5%b1%95%e8%a6%bd,
https://www.dyu.edu.tw/club.html,
https://www.dyu.edu.tw/events.html,
https://www.dyu.edu.tw/pe.html,
https://www.dyu.edu.tw/leisure.html,
https://miaolitravel.net/Article.aspx?sNo=03007337,
https://miasan.com/events/?ical=1&tribe_display=list,
https://www.damanwoo.com/node/95047,
https://gnn.gamer.com.tw/index.php?k=9,
https://www.cleanlife.org/?route=album/album&path=7,
http://www.jbl-tw.com/index.php/jbl/category/47,
https://luko.talk.tw/ActView.aspx?ActID=649,
https://luko.talk.tw/ActView.aspx?ActID=640,
https://luko.talk.tw/ActView.aspx?ActID=656,
https://luko.talk.tw/ActView.aspx?ActID=650,
https://luko.talk.tw/ActView.aspx?ActID=647,
https://www.waker.org.tw/OnePage.aspx?tid=57,
http://action.earthday.org.tw/,
https://www.ankecare.com/category/%e5%b0%88%e6%ac%84,
https://www.artcenter.ntpc.gov.tw/submenu?usein=2&psid=0G270719518813156510,
https://www.klccab.gov.tw/ArtsActivitie,
https://www.ntl.edu.tw/np.asp?ctNode=1653&mp=1,
https://makerpro.cc/2021/01/circular-economy-products-in-taiwan/,
https://www.facebook.com/ddmorg,
https://www.ncl.edu.tw/submenu_234.html,
https://www.ankecare.com/category/%e5%b0%88%e6%ac%84,
https://www.artcenter.ntpc.gov.tw/submenu?usein=2&psid=0G270719518813156510,
https://www.klccab.gov.tw/ArtsActivitie,
https://kml.kcg.gov.tw/volunteer/act,
https://www.ntl.edu.tw/np.asp?ctNode=1653&mp=1,
https://makerpro.cc/2021/01/circular-economy-products-in-taiwan/,
https://www.earthday.org.tw/column/104,
https://www.tcc.moj.gov.tw/295804/737504/737509/295935/Lpsimplelist,
http://www.beanstore.com.tw/,
http://dazhuang.tw/%e5%aa%92%e9%ab%94%e5%a0%b1%e5%b0%8e/,
https://www.germansquare.com/unserekurse,
https://pdh.com.tw/portal_b1.php?owner_num=b1_7939&button_num=b1,
https://www.kamala.tw/news/,
https://niu1989.com/access-bars/,
https://www.artsticket.com.tw/,
https://www.uok.com.tw/news.html,
https://taichung.oggi.tw/conversation-classes/,
https://pennytai.org/events/,
https://japan.soufun.com.tw/Message.html,
https://www.feeling18c.com/products.php?class_id=90,
https://nccwp.moc.gov.tw/forum_pre,
https://www.simonwhetham.co.uk/portfolio,
https://www.gearlab.com.tw/work_detail.php?key=92,
https://www.pixnet.net/?utm_source=PIXNET&utm_medium=navbar&utm_term=home,
https://zoro.ee.ncku.edu.tw/other.html,
https://www.google.com/intl/zh-TW_tw/ads/?subid=ww-ww-et-g-awa-a-g_hpafoot1_1!o2&utm_source=google.com&utm_medium=referral&utm_campaign=google_hpafooter&fg=1,
https://www.didacheese.com/categories/%E8%91%A1%E8%90%84%E9%85%92%E8%A8%82%E8%B3%BC%E9%80%A3%E7%B5%90,
https://www.cing-gingstar.com.tw/travel.php,
http://jimmychien.pixnet.net/blog,
https://www.clue.com.tw/cluemvc/Aboutus/Album,
http://xn--kwr22her7a6qdvs6a.tw/mountain/jinnchi.htm,
https://www.blogger.com/share-post.g?blogID=6805052808536608794&postID=4579592136921623101&target=pinterest,
https://xn--vuq35ek10av3dt0ou54a81aw8h.ttbb.com.tw/,
http://www.a102s.com/user.php,
http://www.parallels.com/products/panel/intro,
https://ryosukeando.weebly.com/,
http://criminallawnote.blogspot.com/search?updated-max=2019-03-07T01:08:00-08:00&max-results=7,
https://chrome.google.com/webstore/detail/privacy-pass/ajhmfdgkijocedmfjonnpjfojldioehi,
http://www.wix.com/?utm_campaign=vir_error_page,
https://knotions.com/top-crochet-tutorials/,
http://www.yidesi.org/ann1.php?ann1_id=13,
https://www.url.com.tw/,
http://www.18tc.com.tw/ACT_1374.php,
https://www.blogger.com/profile/06745410692121808906,
https://www.dropboxforum.com/,
https://blog.rebrandly.com/best-marketing-blogs,
https://magnifiedhealing.com/mhvideo.php,
https://go.hearty.me/hj-press,
https://app.lohasnet.tw/,
https://www.nihaowohao.net/hot-islands-music-festival2020,
https://accounts.google.com/ServiceLogin?service=blogger&continue=https://www.blogger.com/blogger.g&ec=GAZAHg,
http://classified.on.cc/,
http://www.bungy.com.tw/bungy-co.htm,
http://bit.do/best-url-shortener.php,
http://www.smartcarepilates.com/service.php?id=760,
https://www.iitzunii.com/about,
https://www.fix.com/parts/appliance/laundry-accessories/,
http://www.sinshen-cake.com/html/jishu/,
https://www.wix.com/?utm_campaign=vir_error_page,
http://www.sinshen-cake.com/html/jishu/,
http://www.wix.com/?utm_campaign=vir_error_page,
https://vocus.cc/tags/%E6%94%9C%E6%89%8B%E7%85%A7%E4%BA%AE%E6%AF%8F%E5%80%8B%E8%A7%92%E8%90%BD,
https://www.gainwell.com.tw/news/345698,
https://www.taaze.tw/products/11100938020.html,
https://www.blogger.com/share-post.g?blogID=1978950085704355754&postID=2405844324160064254&target=pinterest,
http://www.zhaiseng.tw/,
https://www.012book.com.tw/activity.php?type=2,
https://www.typeform.com/surveys/likert-scale-questionnaires/,
http://restbb.com/archives/category/blog,
https://shop.balmuda.com.tw/store?idx_store_category=1,
http://www.52tea.com.tw/news01.html,
https://www.atphoto.com.tw/,
https://www.pixnet.net/?utm_source=PIXNET&utm_medium=navbar&utm_term=home,
http://ricecop.weebly.com/2021921209.html,
https://www.facebook.com/EricBikeDiary,
https://simonwhetham.bandcamp.com/album/10-mixes-for-free,
https://www.flickr.com/photos/iwonapodlasinska/50371215583,
http://www.sxp.com.tw/06_roast.html,
https://paper.dropbox.com/hackpad?redirectToSignIn=1,
https://e-info.neticrm.tw/user/login?destination=neticrm/home,
https://is.gd/privacy.php,
http://hubilieh.pixnet.net/blog,
https://www.xplova.com/gb/product/X5E/bianchi,
http://hubilieh.pixnet.net/blog,
http://www.atpt.org.tw/publication-8.php,
http://cash0983587899.pixnet.net/blog,
http://www.facebook.com/wvsiv,
https://8la888.tumblr.com/post/155951820809/valentines-stencil-workshop-coming-soon,
https://www.blogger.com/go/contentpolicy,
https://www.facebook.com/taplifecafe/,
http://www.google.com/policies/,
https://imgur.com/gallery/2kqbdRq,
http://www.decorhouse.com.tw/page/news/index.aspx?store=4,
http://nc5studio.com.tw/media/,
https://www.mixcloud.com/discover/,
https://httpd.apache.org/docs/2.4/mod/mod_userdir.html,
https://www.facebook.com/ibodygo,
http://youmu-design.com/archives/7019,
https://www.youtube.com/watch?v=nPK0vjC1Djw,
https://www.reddit.com/r/kfq/comments/b6mgoj/%E5%BE%B7%E5%B7%9E%E6%89%91%E5%85%8B%E9%94%A6%E6%A0%87%E8%B5%9B%E7%AE%97%E4%B8%8D%E7%AE%97%E6%98%AF%E8%B5%8C%E5%8D%9A_by_%E5%81%87%E8%A3%85%E5%A4%B1%E6%84%8F_on_20150419/,
https://www.webnode.com/?utm_source=button&utm_medium=project_null&utm_content=purealm.webnode.tw&utm_campaign=project404,
https://www.liqform.com/articles,
http://www.emerge.com.tw/news02.php?news_id=322,
https://m.104.com.tw/category?tab=fresh,
https://legal.konami.com/games/privacy/,
https://www.yamaha-motor.com.tw/showroom/showroom.aspx,
https://stemcellsummit.weebly.com/22577215172144326371.html,
http://www.jyunhuei.com/paper/webapp.php,
http://bit.ly/2pJbGcG,
https://www.cloudflare.com/5xx-error-landing,
http://jewro.de/news-1,
http://library.dcview.com/,
https://www.healthwomen.com.tw/product/,
http://cmastw.org/modules/tadgallery/,
https://transactionaward.startupterrace.tw/challenge_intro,
http://www.flying-group.com.tw/en/close-to-you-festival/,
https://www.tumblr.com/privacy_policy,
https://www.edfringe.com/learn/learning/perform-as-a-school,
https://www.google.com.tw/intl/zh-TW/retail/solutions/shopping-campaigns/?subid=ww-ww-et-g-awa-a-g_hpafoot1_1!o2,
http://www.academyofastrology.co.uk/astromap-workshop/,
http://www.cmkl.com.tw/news.php?lang=tw&id=2,
http://www.decorhouse.com.tw/page/news/index.aspx?kind=43&store=4,
http://gallery.dcview.com/dayRecommend.php,
http://tcu.nttu.edu.tw/index.php?Act=article&PK=5&MK=&SK=340,
http://www.shuimei.tw/class.php,
https://nccwp.moc.gov.tw/schedule,
https://www.clue.com.tw/cluemvc/Aboutus/single-album.html,
http://www.18tc.com.tw/ACT_1404.php,
https://www.tourismfactory.tw/Trips.php,
https://www.accupass.com/go/howtrue-creativity,
https://about.pts.org.tw/pr/latestnews/,
http://www.grnet.com.tw/,
https://www.grnet.com.tw/design-event,
https://www.ccat.tw/civicrm/event/info?reset=1&id=52,
http://www.shuimei.tw/class.php,
https://www.liqform.com/article/14,
http://cmastw.org/modules/eguide/admin.php,
http://2017event.hokto-kinoko.com.tw/activity_mazu.php,
http://www.aheadmaster.com/aheadweb/index.php/industry/social,
http://www.muratopia.org/Yamaguchi/Research-j.html,
http://www.an-tong.com.tw/mobile/news.html?id=41,
http://www.cookie-eye.com/category.php?id=67,
https://twtimes.tw/site/detail.php?wk=sc3c&id=-0-5-8,
http://www.focus-sport.club.tw/carshows_list.php,
https://brightside.tw/brightertogether/,
https://tcf.cookiepedia.co.uk/?lang=en,
https://sites.google.com/view/slonline,
https://www.balmuda.com.tw/product,
https://shop.balmuda.com.tw/,
https://zh.wix.com/support/html5/,
https://m.104.com.tw/search/joblist?jobcat=2004001000,2004002000&expcate=2&ro=1&jobsource=m_area_noexp,
https://m.104.com.tw/search/joblist?keyword=%E8%A1%8C%E9%8A%B7%E6%B4%BB%E5%8B%95&jobsource=jlisthotkeywords,
https://m.104.com.tw/search/joblist?keyword=%E8%A1%8C%E9%8A%B7%E4%BC%81%E5%8A%83&jobsource=jlisthotkeywords,
https://m.104.com.tw/search/joblist?jobcat=2006001000,2006002000&expcate=2&jobsource=m_area_noexp,
https://www.104.com.tw/job/6ndom?jobsource=jolist_d_relevance,
https://www.104.com.tw/job/6l0pr?jobsource=jolist_d_relevance,
https://www.104.com.tw/job/6xwzk?jobsource=jolist_d_relevance,
https://www.104.com.tw/job/7jza5?jobsource=jolist_d_relevance,
https://www.104.com.tw/job/6q73s?jobsource=jolist_d_relevance,
https://okapi.books.com.tw/list/79?loc=nav_10_003,
https://okapi.books.com.tw/list/79,
https://www.messenger.com/features,
https://www.mbmshop.com.tw/ecommerce/,
http://mbmic.com/about.php?key=2,
https://news.ltn.com.tw/list/breakingnews/life,
https://talk.ltn.com.tw/life,
https://sports.ltn.com.tw/,
https://www.superace-sport.com/superace/series,
https://www.superace-sport.com/superace/article/25?transportation,
https://www.superace-sport.com/superace/article/24?transportation,
https://www.superace-sport.com/superace/article/23?transportation,
https://www.superace-sport.com/superace/article/22?transportation,
https://www.bookrep.com.tw/?md=gwindex&cl=book&at=shbook,
https://www.bookrep.com.tw/?md=gwindex&cl=book&at=newbook&library=SH&subclass=47,
https://www.bookrep.com.tw/?md=gwindex&cl=book&at=newbook&library=SH&subclass=4,
https://blog.xuite.net/gary830322/blog,
https://vlog.xuite.net/live/ftvtv,
https://www.ruiwen.com/sanwen/,
https://www.ruiwen.com/wenxue/sanwen/,
https://www.ruiwen.com/,
https://www.yzzuowen.com/ticai/sanwen/,
http://www.focus-sport.club.tw/forumdisplay.php?fid=898,
http://www.dajunart.com/index.php?catid=71,
https://www.carpenter.com.tw/onsale/2P380M/18184,
https://www.carpenter.com.tw/category/102402,
https://www.carpenter.com.tw/category/32716,
https://tw.help.yahoo.com/kb/search,
https://tw.help.yahoo.com/kb/sports-news,
https://www.kuva-chateau.com.tw/tw/food-beverage.html,
https://www.kuva-chateau.com.tw/tw/attractions.html,

